{"name":"Open Color v 1.6.3","modificationTime":1520787626579,"categories":[{"name":"Colors","type":"color","locked":true}],"groups":[{"index":2,"name":"Gray","category":"Colors"},{"index":3,"name":"Red","category":"Colors"},{"index":4,"name":"Pink","category":"Colors"},{"index":5,"name":"Grape","category":"Colors"},{"index":6,"name":"Violet","category":"Colors"},{"index":7,"name":"Indigo","category":"Colors"},{"index":8,"name":"Blue","category":"Colors"},{"index":9,"name":"Cyan","category":"Colors"},{"index":10,"name":"Teal","category":"Colors"},{"index":11,"name":"Green","category":"Colors"},{"index":12,"name":"Lime","category":"Colors"},{"index":13,"name":"Yellow","category":"Colors"},{"index":14,"name":"Orange","category":"Colors"}]}